panel	historyId	mode	refs
01	Kv7L2R348LMxLJnO7pOh	image2image	MAGGIE,HOPPER,ENV1
02	NgTGlRRSyFOdMYvVgqLb	text2image	-
03	LddlxZBbDJsZHYVjqmlr	text2image	-
04	MwhFsEWTcMSL8t2OCrBk	image2image	KANGA
05	GytKlgb1LxtQCkgES79Q	image2image	MAGGIE,ENV1
06	0vqk8yNWfkg2N3VeEPlg	image2image	HOPPER,ENV1
07	DE2Rv6Z3akiaYGkFt7i3	image2image	KANGA,ENV1
08	u2nIZJgceEOepqDgSbcs	text2image	-
09	sZOnI1KTlnmOdSgU75WY	image2image	ENV1
10	ueNoeUhHWCDIhIcTNPZQ	image2image	HOPPER,WOMBAT,ENV4
11	uZ3KCvgtbO1off265dnU	image2image	MAGGIE
12	pygt9YVXQxG044Z7PLE3	image2image	KANGA
13	wZ1oK6CPOSTSXmAeEDhE	image2image	KANGA,MAGGIE,HOPPER,ENV2
14	h1TKNQvQtcCmMFqM6WwM	image2image	KANGA,ENV3
15	yc3VNIUhur3avPIQmPfT	text2image	-
16	nbt1Hd8pyUdkuI1IlGuS	text2image	-
17	0nyEPeqsjBPmJJdXCU96	image2image	KANGA,ENV3
18	kMkwUjtSVqTtMSoJt83I	text2image	-
19	TGFpCgf8sc2g9iEqAXQy	image2image	MAGGIE,ENV3
20	vfUkOtMMhYH7S9dTPfu8	image2image	HOPPER,ENV2
21	XL5WT6E3ut2YrYxJcXRe	image2image	MAGGIE,ENV1
22	XLBufq6NiBUL6IIYyygu	image2image	MAGGIE,ENV1
23	IuUlmvTjneunzOb76Q93	image2image	KANGA,ENV1
24	W0NxfIdoDrpizwlLJ3QP	image2image	HOPPER,WOMBAT,ENV4
25	ocGynYIquCDjkJ20xW5v	image2image	MAGGIE,ENV1
26	MOYwEudtQSIoVuVshEYj	image2image	KANGA,MAGGIE,HOPPER,ENV2
27	JLWJ3sIAPoqXe1dvs8BQ	text2image	-
28	ysfCt90RXJOgLLX3TnxV	image2image	MAGGIE
